marca,social_score_compuesto,youtube_score,youtube_suscriptores_k,youtube_canal,tiktok_score,tiktok_curado,reddit_score,reddit_posts
Aguila,51.6,74,151000,Cerveza Aguila,55,True,0,0
Alkosto,26.0,60,53200,,5,,0,0
American Airlines,51.6,74,112000,American Airlines,55,True,0,0
Andina (beer),6.8,12,14,,5,,0,0
Ara,37.2,45,17800,Tiendas ara,48,True,0,0
Arturo Calle,25.6,12,1,arturo calle,52,True,0,0
Avianca,30.8,12,379,avianca cargo,65,True,0,0
BMW,26.0,60,52300,,5,,0,0
Bavaria,20.0,45,24300,,5,,0,0
Biomax,19.2,28,1030,Biomax Colombia,20,True,0,0
Budweiser,6.8,12,1,,5,,0,0
Carulla,20.0,45,34400,,5,,0,0
Cencosud,16.8,12,85,Cencosud Media,30,True,0,0
Cerveza BBC,13.2,28,1150,,5,,0,0
Chevignon,13.2,28,3100,,5,,0,0
Chevrolet,46.0,60,99500,Chevrolet Colombia,55,True,0,0
Claro,31.6,74,322000,,5,,0,0
Club Colombia,38.0,45,39200,Cerveza Club Colombia,50,True,0,0
Coca-Cola,36.0,12,224,COCA-COLA FEMSA COLOMBIA,78,True,0,0
Colombiana Postobón,4.0,5,0,,5,,0,0
Colpatria,19.2,28,7400,Banco Colpatria,20,True,0,0
Copa Airlines,20.0,45,40200,,5,,0,0
Corona,42.8,45,16700,Cerveza Corona Colombia,62,True,0,0
Corona (beer),20.0,45,16700,,5,,0,0
Cruz Verde,33.2,45,16200,Farmacias Cruz Verde,38,True,0,0
D1,24.8,12,128,ELVER TAPIAS,50,True,0,0
Decameron,33.2,28,8170,Multivacaciones Decameron,55,True,0,0
Droguerías Olímpica,20.0,45,37100,,5,,0,0
ETB,20.0,45,48200,,5,,0,0
Easy Fly,6.8,12,421,,5,,0,0
El Corral,13.2,28,1390,,5,,0,0
Esso,2.0,0,0,,5,,0,0
Exito,53.6,74,129000,Almacenes Éxito,60,True,0,0
Falabella,55.6,74,175000,Falabella Colombia,65,True,0,0
Farmacia Pasteur,6.8,12,483,,5,,0,0
Farmatodo,18.0,5,0,—,40,True,0,0
Ford,20.0,45,28100,,5,,0,0
Frisby,35.2,28,1170,Toño Qué rico! Foodie Colombia ,60,True,0,0
Grupo Aval,26.0,45,31600,Grupo Aval ,20,True,0,0
H&M,40.0,28,1470,H&M Colombia,72,True,0,0
Hatsu,6.8,12,13,,5,,0,0
Heineken,13.2,28,3660,,5,,0,0
Honda,20.0,45,32299,,5,,0,0
Hyundai,32.0,28,6900,Hyundai Colombia,52,True,0,0
JetSmart,4.0,5,0,,5,,0,0
Jumbo,6.8,12,35,,5,,0,0
KFC,20.0,45,18600,,5,,0,0
Kia,26.0,60,84100,,5,,0,0
Koaj,6.8,12,9,,5,,0,0
Makro,25.2,28,1850,Makro Colombia,35,True,0,0
Manzana Postobón,13.2,28,7400,,5,,0,0
Mazda,30.4,28,8320,MADIAUTOS MAZDA,48,True,0,0
McDonald's,61.6,74,116000,McDonald's Colombia,80,True,0,0
Mercado Libre,42.0,100,1100000,,5,,0,0
Mercado Zapatoca,13.2,28,1540,,5,,0,0
Metro,18.0,45,19500,,0,,0,0
Movistar,52.8,74,214000,Movistar Colombia,58,True,0,0
Nissan,38.0,45,29100,Nissan Colombia,50,True,0,0
OXXO,22.8,12,193,OXXO Colombia ¡Así de fácil!,45,True,0,0
Olímpica,34.8,45,37100,Olímpica,42,True,0,0
Petrobras,10.8,12,190,Petrobras Colombia,15,True,0,0
Poker,46.4,74,203000,CervezaPokerColombia,42,True,0,0
Poker (beer),31.6,74,203000,,5,,0,0
Postobón,30.4,28,1050,Bretaña Postobón,48,True,0,0
Primax,28.0,45,11300,Primax Colombia,25,True,0,0
Quatro,13.2,28,1010,,5,,0,0
Rappi,63.6,74,120000,Soy Rappi,85,True,0,0
Renault,48.0,60,75600,Renault Colombia - Oficial,60,True,0,0
Satena,13.2,28,2370,,5,,0,0
Seguros Bolivar,23.2,28,9880,Seguros Bolivar,30,True,0,0
Stella Artois,6.8,12,808,,5,,0,0
Sura,38.0,60,65600,Seguros SURA ,35,True,0,0
Suzuki,42.0,60,58600,Suzuki Colombia,45,True,0,0
Telefónica,6.8,12,237,,5,,0,0
Tennis,24.0,12,3,ADA™ | Ropa deportiva Seamless Colombia,48,True,0,0
Tennis (clothing),13.2,28,2900,,5,,0,0
Terpel,18.8,12,5,Terpel Iberia,35,True,0,0
Texaco,13.2,28,9470,,5,,0,0
Tiendas Isimo,6.8,12,482,,5,,0,0
Tigo,26.8,12,6,internet tigo colombia,55,True,0,0
Tigo UNE,36.0,60,79400,Tigo Colombia,30,True,0,0
Totto,20.0,45,23100,,5,,0,0
Toyota,34.4,28,8490,Toyota Colombia,58,True,0,0
United Airlines,24.0,12,2,United Airlines contacts,48,True,0,0
WOM,38.8,45,44100,MóvilPT,52,True,0,0
Wingo,13.2,28,6750,,5,,0,0
Zapatoca,21.2,28,1530,Show Familia Zapatoca,25,True,0,0
